Рубрика Родитель;Полное название;Ссылка
Верстаки;Cлесарные верстаки;/k/rabochie-slesarnye-verstaki
Верстаки;Верстак однотумбовый;/k/f-verstak-odnotumbovyy
Верстаки;Верстак деревянный;/k/f-verstak-derevyannyy
Верстаки;Рабочие столярные верстаки;/k/rabochie-stolyarnye-verstaki
Верстаки;Верстак складной;/k/f-verstak-skladnoy
Верстаки;Верстак универсальный;/k/f-verstak-universalnyy
Верстаки;Верстак-тиски;/k/f-verstak-tiski
Верстаки;Столешница для верстака;/k/f-stoleshnica-dlya-verstaka
Верстаки;Однотумбовые рабочие верстаки;/k/odnotumbovye-rabochie-verstaki
Верстаки;Верстак столярный;/k/f-verstak-stolyarnyy
Верстаки;Рабочие металлические верстаки;/k/rabochie-metallicheskie-verstaki
Верстаки;Верстак для мастерской;/k/f-verstak-dlya-masterskoy
Верстаки;Козлы складные;/k/kozly-skladnye
Верстаки;Верстак слесарный бестумбовый;/k/f-verstak-slesarnyy-bestumbovyy
Верстаки;Верстак передвижной;/k/f-verstak-peredvizhnoy
Верстаки;Верстак Black Decker;/k/verstak-black-decker
Верстаки;Верстаки Ryobi;/k/f-verstaki-ryobi
Верстаки;Верстаки Stanley;/k/f-verstaki-stanley
Верстаки;Верстак для домашней мастерской;/k/verstak-dlya-domashney-masterskoy
Верстаки;Универсальные складные верстаки;/k/f-universalnye-skladnye-verstaki
Верстаки;Рабочие верстаки;/k/rabochie-verstaki
Верстаки;Верстаки KING TONY;/k/f-verstaki-king-tony
Верстаки;Верстак bosch;/k/f-verstak-bosch
Верстаки;Стол для пилы;/k/f-stol-dlya-pily
Верстаки;Верстак для инструмента;/k/f-verstak-dlya-instrumenta
Верстаки;Верстаки Sturm;/k/f-verstaki-sturm
Верстаки;Верстаки практик;/k/f-verstaki-praktik
Верстаки;Верстак wolfcraft;/k/f-verstak-wolfcraft
Верстаки;Верстак для торцовочной пилы;/k/f-verstak-dlya-torcovochnoy-pily
Верстаки;Верстак в гараж;/k/f-verstak-v-garazh
Столы производственные;Стол сварщика;/k/f-stol-svarshchika
Столы производственные;Столы монтажные;/k/f-stoly-montazhnye
Столы производственные;Стол промышленный;/k/f-stol-promyshlennyy
Столы производственные;Столы для фрезерных станков;/k/stoly-dlya-frezernyh-stankov
Столы производственные;Сварочно сборочный стол;/k/f-svarochno-sborochnyy-stol
Столы производственные;Рабочий стол Worx wx051;/k/f-worx-wx051
Столы производственные;Стол слесарный;/k/stol-slesarnyy
Тележки инструментальные;Тележка для инструмента;/k/telezhki-dlya-instrumentov
Тележки инструментальные;Тележка для ящиков;/k/f-telezhka-dlya-yashchikov
Тележки инструментальные;Тележки наборы инструментов;/k/f-telezhki-nabory-instrumentov
Тележки инструментальные;Тележка инструментальная с ящиками;/k/f-telezhka-instrumentalnaya-s-yashchikami
Тележки инструментальные;Тележки для инструмента на колесах;/k/telezhki-dlya-instrumenta-na-kolesah
Тележки инструментальные;Металлические тележки для инструмента;/k/metallicheskie-telezhki-dlya-instrumenta
Тележки инструментальные;Тележки для инструментов с полками;/k/telezhki-dlya-instrumentov-s-polkami
Тележки инструментальные;Тележка инструментальная 3 полки;/k/f-telezhka-instrumentalnaya-3-polki
Тележки инструментальные;Тележки для инструментов Мастак;/k/f-telezhki-dlya-instrumentov-mastak
Тележки инструментальные;Ложементы для инструментальных тележек;/k/lozhementy-dlya-instrumentalnyh-telezhek
Тележки инструментальные;Тележки инструментальные WDS;/k/telezhki-instrumentalnye-wds
Шкафы для инструментов;Шкафы и тележки для инструмента King Tony;/k/shkafy_i_telezhki_dlya_instrumenta_king-tony-c8948
Шкафы для инструментов;Шкаф инструментальный;/k/f-shkaf-instrumentalnyy
Шкафы для инструментов;Шкаф металлический с полками;/k/shkaf-metallicheskiy-s-polkami
Шкафы для инструментов;Шкафы для инструмента серии ТС-1995;/k/shkafy-dlya-instrumenta-serii-ts-1995
Стулья промышленные;Стул автослесаря;/k/f-stul-avtoslesarya
Стулья промышленные;Стул винтовой промышленный;/k/stul-vintovoy-promyshlennyy
Табуреты промышленные;Табурет промышленный винтовой;/k/taburet-promyshlennyy-vintovoy
Тумбы инструментальные;Тумба для верстака;/k/f-tumba-dlya-verstaka
